순번,소관구분,기관명,총구매액,녹색구매액,구매비율
1,교육자치단체,서울특별시교육청,59079175,35357829,59.8%
2,교육자치단체,서울특별시동부교육지원청,7970754,4687896,58.8%
3,교육자치단체,서울특별시서부교육지원청,13796399,9238532,67.0%
4,교육자치단체,서울특별시남부교육지원청,33270266,27686790,83.2%
5,교육자치단체,서울특별시북부교육지원청,14307456,10300960,72.0%
6,교육자치단체,서울특별시중부교육지원청,5857662,4003676,68.3%
7,교육자치단체,서울특별시강서양천교육지원청,17702641,13140081,74.2%
8,교육자치단체,서울특별시강남서초교육지원청,13409484,9915472,73.9%
9,교육자치단체,서울특별시성북강북교육지원청,8458957,5835186,69.0%
10,교육자치단체,서울특별시강동송파교육지원청,20918470,14734740,70.4%
11,교육자치단체,서울특별시동작관악교육지원청,11015613,8292017,75.3%
12,교육자치단체,서울특별시성동광진교육지원청,5390863,3446211,63.9%
13,교육자치단체,부산광역시교육청,36139393,22730303,62.9%
14,교육자치단체,부산광역시서부교육지원청,8622092,4889576,56.7%
15,교육자치단체,부산광역시남부교육지원청,8242448,5471141,66.4%
16,교육자치단체,부산광역시동래교육지원청,11710670,6999065,59.8%
17,교육자치단체,부산광역시북부교육지원청,11470503,7599849,66.3%
18,교육자치단체,부산광역시해운대교육지원청,11521224,6569761,57.0%
19,교육자치단체,대구광역시교육청,29537648,21811291,73.8%
20,교육자치단체,대구광역시동부교육지원청,8780829,5672590,64.6%
21,교육자치단체,대구광역시서부교육지원청,6606504,4460708,67.5%
22,교육자치단체,대구광역시남부교육지원청,6189944,4046993,65.4%
23,교육자치단체,대구광역시달성교육지원청,3155244,2095085,66.4%
24,교육자치단체,인천광역시교육청,53543385,45542059,85.1%
25,교육자치단체,인천광역시남부교육지원청,6569852,4543921,69.2%
26,교육자치단체,인천광역시북부교육지원청,4434700,3040382,68.6%
27,교육자치단체,인천광역시동부교육지원청,11055715,7616370,68.9%
28,교육자치단체,인천광역시강화교육지원청,868272,535387,61.7%
29,교육자치단체,인천광역시서부교육지원청,10341462,6882193,66.5%
30,교육자치단체,광주광역시교육청,19534347,14829914,75.9%
31,교육자치단체,광주광역시동부교육지원청,9454168,6474673,68.5%
32,교육자치단체,광주광역시서부교육지원청,9457698,6057798,64.1%
33,교육자치단체,대전광역시교육청,20455132,16027094,78.4%
34,교육자치단체,대전광역시동부교육지원청,11690061,7961961,68.1%
35,교육자치단체,대전광역시서부교육지원청,14382465,9569499,66.5%
36,교육자치단체,울산광역시교육청,19038531,14686409,77.1%
37,교육자치단체,울산광역시강북교육지원청,9554907,5069640,53.1%
38,교육자치단체,울산광역시강남교육지원청,8403150,4896728,58.3%
39,교육자치단체,경기도교육청,62348758,37167288,59.6%
40,교육자치단체,경기도수원교육지원청,16882081,13232982,78.4%
41,교육자치단체,경기도성남교육지원청,12588993,8528850,67.7%
42,교육자치단체,경기도의정부교육지원청,7150764,5156206,72.1%
43,교육자치단체,경기도안양과천교육지원청,9198157,6526591,71.0%
44,교육자치단체,경기도부천교육지원청,10937522,8225794,75.2%
45,교육자치단체,경기도광명교육지원청,6148759,4793085,78.0%
46,교육자치단체,경기도동두천양주교육지원청,8203747,6214942,75.8%
47,교육자치단체,경기도안산교육지원청,12003103,9024423,75.2%
48,교육자치단체,경기도고양교육지원청,18504850,13252873,71.6%
49,교육자치단체,경기도평택교육지원청,10008622,7310738,73.0%
50,교육자치단체,경기도군포의왕교육지원청,7811997,5269880,67.5%
51,교육자치단체,경기도구리남양주교육지원청,19231843,13712943,71.3%
52,교육자치단체,경기도여주교육지원청,2636239,1999082,75.8%
53,교육자치단체,경기도화성오산교육지원청,28546984,21464165,75.2%
54,교육자치단체,경기도파주교육지원청,11125594,8050889,72.4%
55,교육자치단체,경기도광주하남교육지원청,15316563,11413283,74.5%
56,교육자치단체,경기도연천교육지원청,1556190,1019314,65.5%
57,교육자치단체,경기도포천교육지원청,3264185,2405232,73.7%
58,교육자치단체,경기도가평교육지원청,1344203,969070,72.1%
59,교육자치단체,경기도양평교육지원청,2202506,1513629,68.7%
60,교육자치단체,경기도이천교육지원청,5366091,4066387,75.8%
61,교육자치단체,경기도용인교육지원청,16612920,12092236,72.8%
62,교육자치단체,경기도안성교육지원청,4463842,3350577,75.1%
63,교육자치단체,경기도김포교육지원청,14126583,10268948,72.7%
64,교육자치단체,경기도시흥교육지원청,13153544,9007038,68.5%
65,교육자치단체,강원도교육청,25384052,16524701,65.1%
66,교육자치단체,강원도춘천교육지원청,7263486,4539907,62.5%
67,교육자치단체,강원도원주교육지원청,12831898,8586116,66.9%
68,교육자치단체,강원도강릉교육지원청,5394195,3997066,74.1%
69,교육자치단체,강원도동해교육지원청,3202311,2149294,67.1%
70,교육자치단체,강원도태백교육지원청,2313906,1454264,62.8%
71,교육자치단체,강원도속초양양교육지원청,5259029,3962520,75.3%
72,교육자치단체,강원도삼척교육지원청,2625201,1609347,61.3%
73,교육자치단체,강원도홍천교육지원청,2167845,1127448,52.0%
74,교육자치단체,강원도횡성교육지원청,1592184,1012620,63.6%
75,교육자치단체,강원도영월교육지원청,2691043,1245575,46.3%
76,교육자치단체,강원도평창교육지원청,2525882,1527366,60.5%
77,교육자치단체,강원도정선교육지원청,2332969,1817902,77.9%
78,교육자치단체,강원도철원교육지원청,1716358,1103533,64.3%
79,교육자치단체,강원도화천교육지원청,1010753,592703,58.6%
80,교육자치단체,강원도양구교육지원청,1359882,848115,62.4%
81,교육자치단체,강원도인제교육지원청,1435881,1150516,80.1%
82,교육자치단체,강원도고성교육지원청,2514186,2062764,82.0%
83,교육자치단체,충청북도교육청,25106114,17928225,71.4%
84,교육자치단체,충청북도청주교육지원청,27846500,20457994,73.5%
85,교육자치단체,충청북도충주교육지원청,9151191,6663170,72.8%
86,교육자치단체,충청북도제천교육지원청,3847217,3027865,78.7%
87,교육자치단체,충청북도보은교육지원청,1413384,840576,59.5%
88,교육자치단체,충청북도옥천교육지원청,2786094,1988510,71.4%
89,교육자치단체,충청북도영동교육지원청,2442670,1893282,77.5%
90,교육자치단체,충청북도진천교육지원청,4409973,3279219,74.4%
91,교육자치단체,충청북도괴산증평교육지원청,2517126,1776648,70.6%
92,교육자치단체,충청북도음성교육지원청,3365396,2645008,78.6%
93,교육자치단체,충청북도단양교육지원청,1659344,1244056,75.0%
94,교육자치단체,충청남도교육청,29490707,23117080,78.4%
95,교육자치단체,충청남도천안교육지원청,14769141,9076543,61.5%
96,교육자치단체,충청남도공주교육지원청,2934170,1881010,64.1%
97,교육자치단체,충청남도보령교육지원청,3262695,1813246,55.6%
98,교육자치단체,충청남도아산교육지원청,8276481,5883682,71.1%
99,교육자치단체,충청남도서산교육지원청,4679650,3263941,69.7%
100,교육자치단체,충청남도금산교육지원청,1715280,1153383,67.2%
101,교육자치단체,충청남도논산계룡교육지원청,3846274,2262226,58.8%
102,교육자치단체,충청남도부여교육지원청,2255741,1742501,77.2%
103,교육자치단체,충청남도서천교육지원청,1384183,863423,62.4%
104,교육자치단체,충청남도청양교육지원청,1352637,772995,57.1%
105,교육자치단체,충청남도홍성교육지원청,2438435,1615137,66.2%
106,교육자치단체,충청남도예산교육지원청,2157433,1527719,70.8%
107,교육자치단체,충청남도태안교육지원청,1841164,1255948,68.2%
108,교육자치단체,충청남도당진교육지원청,5057219,3108142,61.5%
109,교육자치단체,전라북도교육청,28110889,21197973,75.4%
110,교육자치단체,전라북도전주교육지원청,18044803,11963878,66.3%
111,교육자치단체,전라북도군산교육지원청,6480978,4616712,71.2%
112,교육자치단체,전라북도익산교육지원청,7320727,5140124,70.2%
113,교육자치단체,전라북도정읍교육지원청,3981649,2753548,69.2%
114,교육자치단체,전라북도남원교육지원청,1945641,1350501,69.4%
115,교육자치단체,전라북도김제교육지원청,2341844,1419928,60.6%
116,교육자치단체,전라북도완주교육지원청,5473806,3495252,63.9%
117,교육자치단체,전라북도진안교육지원청,1391105,868389,62.4%
118,교육자치단체,전라북도무주교육지원청,745318,451127,60.5%
119,교육자치단체,전라북도장수교육지원청,976564,638433,65.4%
120,교육자치단체,전라북도임실교육지원청,1304068,891638,68.4%
121,교육자치단체,전라북도순창교육지원청,1321539,728862,55.2%
122,교육자치단체,전라북도고창교육지원청,2011928,1382928,68.7%
123,교육자치단체,전라북도부안교육지원청,1752091,1011967,57.8%
124,교육자치단체,전라남도교육청,50730984,30865135,60.8%
125,교육자치단체,전라남도목포교육지원청,7264328,3640418,50.1%
126,교육자치단체,전라남도여수교육지원청,12797915,6486888,50.7%
127,교육자치단체,전라남도순천교육지원청,15879810,9081612,57.2%
128,교육자치단체,전라남도나주교육지원청,7052200,3984181,56.5%
129,교육자치단체,전라남도광양교육지원청,6376504,3558107,55.8%
130,교육자치단체,전라남도담양교육지원청,2934204,1236517,42.1%
131,교육자치단체,전라남도곡성교육지원청,1705288,1027999,60.3%
132,교육자치단체,전라남도구례교육지원청,1248852,740117,59.3%
133,교육자치단체,전라남도고흥교육지원청,4637260,2072623,44.7%
134,교육자치단체,전라남도보성교육지원청,2965167,1513580,51.0%
135,교육자치단체,전라남도화순교육지원청,5002625,2088456,41.7%
136,교육자치단체,전라남도장흥교육지원청,3055046,1379641,45.2%
137,교육자치단체,전라남도강진교육지원청,1999243,834735,41.8%
138,교육자치단체,전라남도해남교육지원청,4736956,1975819,41.7%
139,교육자치단체,전라남도영암교육지원청,3739558,1707905,45.7%
140,교육자치단체,전라남도무안교육지원청,6767344,4041880,59.7%
141,교육자치단체,전라남도함평교육지원청,2211447,1014938,45.9%
142,교육자치단체,전라남도영광교육지원청,3030643,1625892,53.6%
143,교육자치단체,전라남도장성교육지원청,2636215,1237504,46.9%
144,교육자치단체,전라남도완도교육지원청,5155679,2202272,42.7%
145,교육자치단체,전라남도진도교육지원청,1578169,898904,57.0%
146,교육자치단체,전라남도신안교육지원청,2760211,1408678,51.0%
147,교육자치단체,경상북도교육청,56653270,33684650,59.5%
148,교육자치단체,경상북도포항교육지원청,10943062,7561768,69.1%
149,교육자치단체,경상북도경주교육지원청,30146879,27565434,91.4%
150,교육자치단체,경상북도김천교육지원청,3538631,2198441,62.1%
151,교육자치단체,경상북도안동교육지원청,5448078,3474677,63.8%
152,교육자치단체,경상북도구미교육지원청,12263646,8389877,68.4%
153,교육자치단체,경상북도영주교육지원청,2862405,1903397,66.5%
154,교육자치단체,경상북도영천교육지원청,2410829,1581338,65.6%
155,교육자치단체,경상북도상주교육지원청,2300923,1322209,57.5%
156,교육자치단체,경상북도문경교육지원청,2352518,1344506,57.2%
157,교육자치단체,경상북도경산교육지원청,8248961,5002121,60.6%
158,교육자치단체,경상북도군위교육지원청,933684,460410,49.3%
159,교육자치단체,경상북도의성교육지원청,1612407,645771,40.1%
160,교육자치단체,경상북도청송교육지원청,943892,525984,55.7%
161,교육자치단체,경상북도영양교육지원청,477252,269708,56.5%
162,교육자치단체,경상북도영덕교육지원청,920094,578967,62.9%
163,교육자치단체,경상북도청도교육지원청,1448422,824265,56.9%
164,교육자치단체,경상북도고령교육지원청,1169870,819221,70.0%
165,교육자치단체,경상북도성주교육지원청,1645492,1203394,73.1%
166,교육자치단체,경상북도칠곡교육지원청,4274010,2529556,59.2%
167,교육자치단체,경상북도예천교육지원청,1875766,1086018,57.9%
168,교육자치단체,경상북도봉화교육지원청,1582508,1096006,69.3%
169,교육자치단체,경상북도울진교육지원청,1239909,618115,49.9%
170,교육자치단체,경상북도울릉교육지원청,353494,212710,60.2%
171,교육자치단체,경상남도교육청,23409888,13720077,58.6%
172,교육자치단체,경상남도창원교육지원청,20370418,14554156,71.4%
173,교육자치단체,경상남도진주교육지원청,10598841,8015306,75.6%
174,교육자치단체,경상남도통영교육지원청,2459193,1575776,64.1%
175,교육자치단체,경상남도사천교육지원청,2989809,2144958,71.7%
176,교육자치단체,경상남도김해교육지원청,13066582,8144023,62.3%
177,교육자치단체,경상남도밀양교육지원청,2251351,1258003,55.9%
178,교육자치단체,경상남도거제교육지원청,8366753,5479598,65.5%
179,교육자치단체,경상남도의령교육지원청,1410990,835713,59.2%
180,교육자치단체,경상남도함안교육지원청,1451943,768438,52.9%
181,교육자치단체,경상남도창녕교육지원청,2242753,1886064,84.1%
182,교육자치단체,경상남도양산교육지원청,8206883,5439735,66.3%
183,교육자치단체,경상남도고성교육지원청,3441569,2673638,77.7%
184,교육자치단체,경상남도남해교육지원청,1757598,1270233,72.3%
185,교육자치단체,경상남도하동교육지원청,1362519,1034022,75.9%
186,교육자치단체,경상남도산청교육지원청,2136720,1482258,69.4%
187,교육자치단체,경상남도함양교육지원청,1222455,895493,73.3%
188,교육자치단체,경상남도거창교육지원청,2692119,1052690,39.1%
189,교육자치단체,경상남도합천교육지원청,1665129,1161854,69.8%
190,교육자치단체,제주특별자치도교육청,15426614,6150072,39.9%
191,교육자치단체,제주특별자치도교육청 제주시교육지원청,12807619,7202278,56.2%
192,교육자치단체,서귀포시교육지원청,5968471,2631922,44.1%
193,교육자치단체,세종특별자치시교육청,21465759,15242322,71.0%
194,국가기관,감사원,681861,454598,66.7%
195,국가기관,기획재정부,460248,288972,62.8%
196,국가기관,원자력안전위원회,163852,135570,82.7%
197,국가기관,국무조정실,1376787,1137617,82.6%
198,국가기관,공정거래위원회,390258,378470,97.0%
199,국가기관,국민권익위원회,379436,232639,61.3%
200,국가기관,금융위원회,195375,159428,81.6%
201,국가기관,법제처,432872,350595,81.0%
202,국가기관,국가보훈처,3765854,803777,21.3%
203,국가기관,해양수산부,20173519,7498465,37.2%
204,국가기관,국세청,14775034,10549871,71.4%
205,국가기관,관세청,5841570,3219251,55.1%
206,국가기관,조달청,2176346,928260,42.7%
207,국가기관,통계청,3685767,2344123,63.6%
208,국가기관,통일부,1797153,1195813,66.5%
209,국가기관,외교부,4282704,3161202,73.8%
210,국가기관,법무부,22314280,11425831,51.2%
211,국가기관,검찰청,8740790,6897208,78.9%
212,국가기관,국방부,178627731,85974369,48.1%
213,국가기관,병무청,2609220,1943203,74.5%
214,국가기관,경찰청,65715281,45309162,68.9%
215,국가기관,교육부,111607926,69458392,62.2%
216,국가기관,보건복지부,11365783,7439370,65.5%
217,국가기관,기상청,1824658,899739,49.3%
218,국가기관,문화체육관광부,10312022,5858595,56.8%
219,국가기관,여성가족부,719586,400234,55.6%
220,국가기관,농촌진흥청,4043197,1755665,43.4%
221,국가기관,산림청,6483750,2782385,42.9%
222,국가기관,중소벤처기업부,2542584,1475185,58.0%
223,국가기관,특허청,1598391,775725,48.5%
224,국가기관,산업통상자원부,1183608,726928,61.4%
225,국가기관,식품의약품안전처,2012539,1459179,72.5%
226,국가기관,환경부,8416434,5415306,64.3%
227,국가기관,고용노동부,5435968,1624680,29.9%
228,국가기관,해양경찰청,6462612,3279585,50.7%
229,국가기관,농림축산식품부,6704801,3999646,59.7%
230,국가기관,문화재청,4533298,2634221,58.1%
231,국가기관,방송통신위원회,340316,306557,90.1%
232,국가기관,국토교통부,106920916,29594891,27.7%
233,국가기관,국가인권위원회,307531,263552,85.7%
234,국가기관,소방청,1212837,447064,36.9%
235,국가기관,행정중심복합도시건설청,7355554,4167757,56.7%
236,국가기관,방위사업청,1949594,1066255,54.7%
237,국가기관,과학기술정보통신부,12981028,4987713,38.4%
238,국가기관,새만금개발청,3355723,909829,27.1%
239,국가기관,행정안전부,10494294,7454945,71.0%
240,국가기관,인사혁신처,865081,667128,77.1%
241,국가기관,국회 국회사무처,5098931,3045487,59.7%
242,국가기관,대법원,22008952,13542104,61.5%
243,국가기관,헌법재판소,742438,587933,79.2%
244,국가기관,중앙선거관리위원회,3058809,1944098,63.6%
245,기금관리준정부기관,한국자산관리공사,6788752,5552570,81.8%
246,기금관리준정부기관,예금보험공사,129536,116450,89.9%
247,기금관리준정부기관,국민연금공단,5141906,4353909,84.7%
248,기금관리준정부기관,영화진흥위원회,355793,335192,94.2%
249,기금관리준정부기관,서울올림픽기념국민체육진흥공단,860127,812219,94.4%
250,기금관리준정부기관,한국주택금융공사,1971671,1415946,71.8%
251,기금관리준정부기관,사립학교교직원연금공단,67112,65289,97.3%
252,기금관리준정부기관,공무원연금공단,424901,374679,88.2%
253,기금관리준정부기관,한국언론진흥재단,380020,365430,96.2%
254,기금관리준정부기관,한국무역보험공사,401479,321759,80.1%
255,기금관리준정부기관,한국원자력환경공단,158426,144139,91.0%
256,기금관리준정부기관,중소벤처기업진흥공단,2499541,2195232,87.8%
257,기금관리준정부기관,기술보증기금,1331668,1122360,84.3%
258,기금관리준정부기관,신용보증기금,2360709,2115177,89.6%
259,기금관리준정부기관,근로복지공단 공단본부,4705766,4369825,92.9%
260,기타공공기관,한국국방연구원,214980,149742,69.7%
261,기타공공기관,전쟁기념사업회,163967,9523,5.8%
262,기타공공기관,한국기술교육대학교,3210802,2133749,66.5%
263,기타공공기관,한국전력 국제원자력대학원대학교,11029,5024,45.6%
264,기타공공기관,통일연구원,16109,15009,93.2%
265,기타공공기관,한국개발연구원,182413,116867,64.1%
266,기타공공기관,대외경제정책연구원,138453,128489,92.8%
267,기타공공기관,한국행정연구원,57041,17427,30.6%
268,기타공공기관,산업연구원,24627,17715,71.9%
269,기타공공기관,정보통신정책연구원,65583,56123,85.6%
270,기타공공기관,한국보건사회연구원,80941,26502,32.7%
271,기타공공기관,한국노동연구원,2690,1315,48.9%
272,기타공공기관,한국직업능력개발원,120809,44249,36.6%
273,기타공공기관,한국해양수산개발원,98737,79616,80.6%
274,기타공공기관,한국법제연구원,120948,54491,45.1%
275,기타공공기관,한국한의학연구원,195919,160396,81.9%
276,기타공공기관,한국생산기술연구원,463992,311052,67.0%
277,기타공공기관,한국전자통신연구원,1533731,1238358,80.7%
278,기타공공기관,한국건설기술연구원,642447,474056,73.8%
279,기타공공기관,한국표준과학연구원,71541,51025,71.3%
280,기타공공기관,한국환경정책평가연구원,225190,7211,3.2%
281,기타공공기관,한국교육개발원,116354,107846,92.7%
282,기타공공기관,한국농촌경제연구원,68666,40844,59.5%
283,기타공공기관,국토연구원,96880,80760,83.4%
284,기타공공기관,한국과학기술연구원,569428,266928,46.9%
285,기타공공기관,한국천문연구원,61353,19941,32.5%
286,기타공공기관,중소기업은행,2193054,324473,14.8%
287,기타공공기관,한국산업은행,2003196,1724810,86.1%
288,기타공공기관,한국수출입은행,1280271,645471,50.4%
289,기타공공기관,재외동포재단,17698,13686,77.3%
290,기타공공기관,한국국제교류재단,35374,28807,81.4%
291,기타공공기관,대한법률구조공단,18715,514,2.7%
292,기타공공기관,한국사학진흥재단,70103,63970,91.3%
293,기타공공기관,한국기계연구원,124282,117542,94.6%
294,기타공공기관,한국과학기술원,2143768,980288,45.7%
295,기타공공기관,에너지경제연구원,1664,1664,100.0%
296,기타공공기관,대한적십자사,1818209,775996,42.7%
297,기타공공기관,한국투자공사,69002,66548,96.4%
298,기타공공기관,국방과학연구소,2921487,1872531,64.1%
299,기타공공기관,서울대학교병원,0,0,0.0%
300,기타공공기관,환경보전협회,131866,126296,95.8%
301,기타공공기관,경북대학교병원,128882,109851,85.2%
302,기타공공기관,전남대학교병원,360373,100220,27.8%
303,기타공공기관,부산대학교병원,348632,123878,35.5%
304,기타공공기관,충남대학교병원,3233293,2589920,80.1%
305,기타공공기관,충북대학교병원,2017865,1529060,75.8%
306,기타공공기관,경상대학교병원,15924,14273,89.6%
307,기타공공기관,(주)중소기업유통센터,137891,97498,70.7%
308,기타공공기관,광주과학기술원,486144,225587,46.4%
309,기타공공기관,예술의전당,15362,10852,70.6%
310,기타공공기관,영상물등급위원회,20826,17265,82.9%
311,기타공공기관,한국영상자료원,773,736,95.2%
312,기타공공기관,대한체육회,1136058,996875,87.7%
313,기타공공기관,한국보건의료인국가시험원,46437,40606,87.4%
314,기타공공기관,국립암센터,186144,78182,42.0%
315,기타공공기관,한국지질자원연구원,276714,206785,74.7%
316,기타공공기관,한국에너지기술연구원,871015,762682,87.6%
317,기타공공기관,한국철도기술연구원,320526,184495,57.6%
318,기타공공기관,민주화운동기념사업회,262,262,100.0%
319,기타공공기관,한국기초과학지원연구원,179788,79431,44.2%
320,기타공공기관,서울대학교치과병원,3914,0,0.0%
321,기타공공기관,한국학중앙연구원,60549,56167,92.8%
322,기타공공기관,한국문화예술교육진흥원,68072,48344,71.0%
323,기타공공기관,한국문화예술위원회,151711,145687,96.0%
324,기타공공기관,경제인문사회연구회,188780,67411,35.7%
325,기타공공기관,국방기술품질원,1057216,640554,60.6%
326,기타공공기관,대한장애인체육회,226624,177624,78.4%
327,기타공공기관,한국식품연구원,6514,960,14.7%
328,기타공공기관,한국원자력통제기술원,704696,610706,86.7%
329,기타공공기관,한국원자력연구원,692291,560935,81.0%
330,기타공공기관,한국원자력의학원,147199,63747,43.3%
331,기타공공기관,한국청소년정책연구원,1098,1098,100.0%
332,기타공공기관,한국문화관광연구원,13765,13765,100.0%
333,기타공공기관,동북아역사재단,30833,30814,99.9%
334,기타공공기관,학교법인한국폴리텍,10387081,8578151,82.6%
335,기타공공기관,한국여성정책연구원,58537,35288,60.3%
336,기타공공기관,한국문학번역원,45304,41773,92.2%
337,기타공공기관,한국보건의료연구원,46304,41604,89.8%
338,기타공공기관,신용보증재단중앙회,62859,62859,100.0%
339,기타공공기관,한국예탁결제원,614322,482546,78.5%
340,기타공공기관,한국저작권위원회,110487,108617,98.3%
341,기타공공기관,국립중앙의료원,84669,73128,86.4%
342,기타공공기관,한국법무보호복지공단,864313,388045,44.9%
343,기타공공기관,코레일유통(주),505114,49556,9.8%
344,기타공공기관,한국로봇산업진흥원,250314,118186,47.2%
345,기타공공기관,(재)우체국시설관리단,105028,82438,78.5%
346,기타공공기관,한국출판문화산업진흥원,80813,67018,82.9%
347,기타공공기관,(재)한국여성과학기술인지원센터,11729,11729,100.0%
348,기타공공기관,국립대구과학관,261314,37527,14.4%
349,기타공공기관,한국조세재정연구원,76093,57173,75.1%
350,기타공공기관,한국도박문제관리센터,87725,41517,47.3%
351,기타공공기관,㈜워터웨이플러스,144012,2549,1.8%
352,기타공공기관,한국문화재재단,339736,264857,78.0%
353,기타공공기관,농업정책보험금융원,85048,56493,66.4%
354,기타공공기관,(재)일제강제동원피해자지원재단,15591,15242,97.8%
355,기타공공기관,항공안전기술원,335973,267309,79.6%
356,기타공공기관,국가과학기술연구회,56752,55906,98.5%
357,기타공공기관,한국문화정보원,10871,10617,97.7%
358,기타공공기관,국립해양생물자원관,337243,117767,34.9%
359,기타공공기관,국립해양박물관,399963,199204,49.8%
360,기타공공기관,국립낙동강생물자원관,155334,68400,44.0%
361,기타공공기관,울산과학기술원,635487,360758,56.8%
362,기타공공기관,한국지식재산보호원,20552,10238,49.8%
363,기타공공기관,한국원자력안전재단,72476,69067,95.3%
364,기타공공기관,경북대학교치과병원,156940,156940,100.0%
365,기타공공기관,한국저작권보호원,79143,65668,83.0%
366,기타공공기관,한국장기조직기증원,3376,3376,100.0%
367,기타공공기관,한국에너지정보문화재단,4310,0,0.0%
368,기타공공기관,한국의료기기안전정보원,45348,44684,98.5%
369,기타공공기관,한국해양진흥공사,189243,162605,85.9%
370,기타공공기관,한국어촌어항공단,1323463,367810,27.8%
371,기타공공기관,한국데이터산업진흥원,173299,43103,24.9%
372,기타공공기관,한국한의약진흥원,84353,57313,67.9%
373,기타공공기관,아동권리보장원,274109,194804,71.1%
374,기타공공기관,한국여성인권진흥원,5171,4161,80.5%
375,기타공공기관,한국식품산업클러스터진흥원,461088,154637,33.5%
376,기타공공기관,한국장애인개발원,117981,115377,97.8%
377,기타공공기관,한국발명진흥회,162424,143852,88.6%
378,기타공공기관,한국과학기술기획평가원(KISTEP),218252,99077,45.4%
379,기타공공기관,한국산업기술시험원,429945,362181,84.2%
380,기타공공기관,재단법인 한국특허정보원,135772,135772,100.0%
381,기타공공기관,재단법인 국악방송,10983,2853,26.0%
382,기타공공기관,주택관리공단(주),423345,224025,52.9%
383,기타공공기관,한전원자력연료(주),2292033,290672,12.7%
384,기타공공기관,한국교육과정평가원,217438,190003,87.4%
385,기타공공기관,한국사회복지협의회,147884,50483,34.1%
386,기타공공기관,한국체육산업개발주식회사,253018,175650,69.4%
387,기타공공기관,강원대학교병원,338876,193788,57.2%
388,기타공공기관,전북대학교병원,508313,384553,75.7%
389,기타공공기관,한국해양과학기술원,615531,300096,48.8%
390,기타공공기관,한국과학기술정보연구원,360415,174207,48.3%
391,기타공공기관,한국생명공학연구원,147315,80275,54.5%
392,기타공공기관,한국화학연구원,785214,566671,72.2%
393,기타공공기관,한국항공우주연구원,1613717,160444,9.9%
394,기타공공기관,한국전기연구원,393913,153870,39.1%
395,기타공공기관,수도권매립지관리공사,2096762,1685740,80.4%
396,기타공공기관,한국공예디자인문화진흥원,27548,27548,100.0%
397,기타공공기관,한국양성평등교육진흥원,60336,56146,93.1%
398,기타공공기관,가축위생방역지원본부,107698,17894,16.6%
399,기타공공기관,한국상하수도협회,3348,3348,100.0%
400,기타공공기관,한국항로표지기술원,44185,7056,16.0%
401,기타공공기관,국립박물관문화재단,16753,15565,92.9%
402,기타공공기관,대구경북과학기술원,467586,154779,33.1%
403,기타공공기관,한국국제보건의료재단,38365,29486,76.9%
404,기타공공기관,(재)중소기업연구원,20722,16089,77.6%
405,기타공공기관,(재)한국나노기술원,30867,10641,34.5%
406,기타공공기관,노사발전재단,3008,3008,100.0%
407,기타공공기관,재단법인 태권도진흥재단,186017,59809,32.2%
408,기타공공기관,(재)APEC기후센터,102025,58291,57.1%
409,기타공공기관,코레일테크(주),426335,143281,33.6%
410,기타공공기관,건설근로자공제회,104584,70281,67.2%
411,기타공공기관,게임물관리위원회,64031,62381,97.4%
412,기타공공기관,(재)한국에너지재단,1062486,510,0.0%
413,기타공공기관,(사)남북교류협력지원협회,19969,15349,76.9%
414,기타공공기관,(재)예술경영지원센터,29399,927,3.2%
415,기타공공기관,세종학당재단,329366,201557,61.2%
416,기타공공기관,한국수자원조사기술원,160150,127862,79.8%
417,기타공공기관,정부법무공단,60292,34505,57.2%
418,기타공공기관,국가평생교육진흥원,84017,58468,69.6%
419,기타공공기관,한국고전번역원,41066,21722,52.9%
420,기타공공기관,서민금융진흥원,98494,92159,93.6%
421,기타공공기관,(재)장애인기업종합지원센터,40855,30724,75.2%
422,기타공공기관,코레일네트웍스(주),557247,0,0.0%
423,기타공공기관,코레일로지스(주),92557,0,0.0%
424,기타공공기관,전략물자관리원,135197,121215,89.7%
425,기타공공기관,한국등산·트레킹지원센터,55124,37498,68.0%
426,기타공공기관,한국해양조사협회,118164,118164,100.0%
427,기타공공기관,식품안전정보원,26753,21203,79.3%
428,기타공공기관,한국공정거래조정원,21576,21576,100.0%
429,기타공공기관,한국벤처투자(주),265738,231566,87.1%
430,기타공공기관,한국보육진흥원,192330,143868,74.8%
431,기타공공기관,북한이탈주민지원재단,80837,77057,95.3%
432,기타공공기관,재단법인 한식진흥원,2716,0,0.0%
433,기타공공기관,(재)의료기관평가인증원,32624,32624,100.0%
434,기타공공기관,오송첨단의료산업진흥재단,262917,140554,53.5%
435,기타공공기관,대구경북첨단의료산업진흥재단,394445,362658,91.9%
436,기타공공기관,한국사회적기업진흥원,338618,303178,89.5%
437,기타공공기관,부산대학교치과병원,242644,124649,51.4%
438,기타공공기관,한국의료분쟁조정중재원,68204,55128,80.8%
439,기타공공기관,한국잡월드,179097,111846,62.4%
440,기타공공기관,기초과학연구원,1030928,583812,56.6%
441,기타공공기관,한국의약품안전관리원,165008,119064,72.2%
442,기타공공기관,국제식물검역인증원,26653,4236,15.9%
443,기타공공기관,(재)한국예술인복지재단,6482,6153,94.9%
444,기타공공기관,국립광주과학관,797942,393929,49.4%
445,기타공공기관,국방전직교육원,55038,50587,91.9%
446,기타공공기관,국립부산과학관,214590,161497,75.3%
447,기타공공기관,국가생명윤리정책원,64728,64728,100.0%
448,기타공공기관,(재)축산환경관리원,17436,17436,100.0%
449,기타공공기관,재단법인 한국공공조직은행,490,490,100.0%
450,기타공공기관,(주)공영홈쇼핑,139905,2490,1.8%
451,기타공공기관,한국해외인프라도시개발지원공사,41660,330,0.8%
452,기타공공기관,새만금개발공사,131358,11152,8.5%
453,기타공공기관,재단법인 한국자활복지개발원,155300,134224,86.4%
454,기타공공기관,제주대학교병원,442785,330565,74.7%
455,기타공공기관,강릉원주대학교 치과병원,1215,1186,97.6%
456,기타공공기관,(재)국제원산지정보원,0,0,0.0%
457,기타공공기관,(재)한국스마트그리드사업단,0,0,0.0%
458,기타공공기관,(주)한국건설관리공사,0,0,0.0%
459,기타공공기관,88관광개발(주),0,0,0.0%
460,기타공공기관,과학기술일자리진흥원,0,0,0.0%
461,기타공공기관,과학기술정책연구원,0,0,0.0%
462,기타공공기관,코레일관광개발(주),0,0,0.0%
463,기타공공기관,한국교통연구원,0,0,0.0%
464,기타공공기관,한국문화진흥주식회사,0,0,0.0%
465,기타공공기관,한국지식재산연구원,0,0,0.0%
466,기타공공기관,한국형사정책연구원,0,0,0.0%
467,시장형공기업,한국전력공사,25630162,24146931,94.2%
468,시장형공기업,한국석유공사,141591,114990,81.2%
469,시장형공기업,한국가스공사,3808872,3564678,93.6%
470,시장형공기업,한국지역난방공사,5194452,4608933,88.7%
471,시장형공기업,인천국제공항공사,4645325,4621987,99.5%
472,시장형공기업,한국공항공사,5770695,4873671,84.5%
473,시장형공기업,부산항만공사,6355247,5849247,92.0%
474,시장형공기업,한국광물자원공사,47197,47197,100.0%
475,시장형공기업,한국중부발전주식회사,4038179,3723773,92.2%
476,시장형공기업,한국서부발전주식회사,1411304,1398257,99.1%
477,시장형공기업,한국남부발전주식회사,2540693,2418706,95.2%
478,시장형공기업,한국동서발전주식회사,5578479,5407892,96.9%
479,시장형공기업,한국수력원자력(주),26716561,25845744,96.7%
480,시장형공기업,(주)강원랜드,1343475,1162888,86.6%
481,시장형공기업,한국남동발전(주),3326322,3230391,97.1%
482,위탁집행형준정부기관,독립기념관,515101,421949,81.9%
483,위탁집행형준정부기관,대한무역투자진흥공사,746708,641060,85.9%
484,위탁집행형준정부기관,한국산업인력공단,954104,830707,87.1%
485,위탁집행형준정부기관,한국산업단지공단,2152248,1982373,92.1%
486,위탁집행형준정부기관,한국교육학술정보원,511371,409699,80.1%
487,위탁집행형준정부기관,한국해양수산연수원,520250,256693,49.3%
488,위탁집행형준정부기관,국민건강보험공단,10461542,9301331,88.9%
489,위탁집행형준정부기관,한국원자력안전기술원,538942,313584,58.2%
490,위탁집행형준정부기관,한국관광공사,836375,781305,93.4%
491,위탁집행형준정부기관,국제방송교류재단,54400,54400,100.0%
492,위탁집행형준정부기관,한국보건산업진흥원,152364,148964,97.8%
493,위탁집행형준정부기관,건강보험심사평가원,3300858,3200058,96.9%
494,위탁집행형준정부기관,한국보훈복지의료공단,7039922,5885682,83.6%
495,위탁집행형준정부기관,한국전기안전공사,2015846,1615306,80.1%
496,위탁집행형준정부기관,한국인터넷진흥원,860385,812271,94.4%
497,위탁집행형준정부기관,한국보건복지인력개발원,375666,331293,88.2%
498,위탁집행형준정부기관,한국고용정보원,151048,135397,89.6%
499,위탁집행형준정부기관,한국소비자원,152423,136212,89.4%
500,위탁집행형준정부기관,도로교통공단,1740178,1615062,92.8%
501,위탁집행형준정부기관,한국광해관리공단,867620,803680,92.6%
502,위탁집행형준정부기관,한국과학창의재단,55726,54871,98.5%
503,위탁집행형준정부기관,한국농어촌공사,81207817,57154422,70.4%
504,위탁집행형준정부기관,한국산업안전보건공단,2208006,1982586,89.8%
505,위탁집행형준정부기관,한국노인인력개발원,389635,375597,96.4%
506,위탁집행형준정부기관,한국소방산업기술원,390291,356555,91.4%
507,위탁집행형준정부기관,한국환경산업기술원,616534,592632,96.1%
508,위탁집행형준정부기관,한국장학재단,210124,193252,92.0%
509,위탁집행형준정부기관,한국석유관리원,340203,316104,92.9%
510,위탁집행형준정부기관,한국산업기술평가관리원,854727,709888,83.1%
511,위탁집행형준정부기관,한국산업기술진흥원,612886,591627,96.5%
512,위탁집행형준정부기관,한국연구재단,1502881,1235503,82.2%
513,위탁집행형준정부기관,정보통신산업진흥원,370861,325415,87.7%
514,위탁집행형준정부기관,한국장애인고용공단,2552702,2300093,90.1%
515,위탁집행형준정부기관,한국환경공단,47124180,41188148,87.4%
516,위탁집행형준정부기관,한국방송통신전파진흥원,198664,181238,91.2%
517,위탁집행형준정부기관,창업진흥원,1541639,1279146,83.0%
518,위탁집행형준정부기관,한국임업진흥원,225822,219397,97.2%
519,위탁집행형준정부기관,한국우편사업진흥원,460432,423575,92.0%
520,위탁집행형준정부기관,우체국금융개발원,319698,286953,89.8%
521,위탁집행형준정부기관,농림수산식품교육문화정보원,622231,358931,57.7%
522,위탁집행형준정부기관,우체국물류지원단,357900,336124,93.9%
523,위탁집행형준정부기관,한국청소년상담복지개발원,160694,132487,82.4%
524,위탁집행형준정부기관,재단법인 연구개발특구진흥재단,104516,94641,90.6%
525,위탁집행형준정부기관,소상공인시장진흥공단,585184,481800,82.3%
526,위탁집행형준정부기관,한국건강가정진흥원,21392,18317,85.6%
527,위탁집행형준정부기관,한국국토정보공사,6415769,5532001,86.2%
528,위탁집행형준정부기관,한국에너지공단,369940,357528,96.6%
529,위탁집행형준정부기관,아시아문화원,108082,105710,97.8%
530,위탁집행형준정부기관,한국재정정보원,96705,79035,81.7%
531,위탁집행형준정부기관,한국승강기안전공단,140096,113851,81.3%
532,위탁집행형준정부기관,한국식품안전관리인증원,65108,65108,100.0%
533,위탁집행형준정부기관,농림식품기술기획평가원,142168,136571,96.1%
534,위탁집행형준정부기관,해양수산과학기술진흥원,43158,37188,86.2%
535,위탁집행형준정부기관,한국기상산업기술원,19552,17552,89.8%
536,위탁집행형준정부기관,한국특허전략개발원,206272,190170,92.2%
537,위탁집행형준정부기관,한국교통안전공단,2772261,2200266,79.4%
538,위탁집행형준정부기관,국립공원공단,4379267,3664184,83.7%
539,위탁집행형준정부기관,한국해양교통안전공단,293937,216999,73.8%
540,위탁집행형준정부기관,한국수산자원공단,209895,193358,92.1%
541,위탁집행형준정부기관,한국사회보장정보원,492757,475044,96.4%
542,위탁집행형준정부기관,국가철도공단,19641316,16897171,86.0%
543,위탁집행형준정부기관,국토안전관리원,1584442,1451380,91.6%
544,위탁집행형준정부기관,한국지능정보사회진흥원,915038,908145,99.2%
545,위탁집행형준정부기관,한국농수산식품유통공사,580997,570773,98.2%
546,위탁집행형준정부기관,한국전력거래소,1010637,976311,96.6%
547,위탁집행형준정부기관,축산물품질평가원,238531,238531,100.0%
548,위탁집행형준정부기관,(재)대한건설기계안전관리원,12546,12178,97.1%
549,위탁집행형준정부기관,중소기업기술정보진흥원,953691,785952,82.4%
550,위탁집행형준정부기관,한국디자인진흥원,219242,170336,77.7%
551,위탁집행형준정부기관,한국국제협력단,481658,456558,94.8%
552,위탁집행형준정부기관,한국가스안전공사,1433303,1214838,84.8%
553,위탁집행형준정부기관,국토교통과학기술진흥원,125396,120580,96.2%
554,위탁집행형준정부기관,한국에너지기술평가원,117964,113604,96.3%
555,위탁집행형준정부기관,한국콘텐츠진흥원,322209,308423,95.7%
556,위탁집행형준정부기관,한국세라믹기술원,203509,152585,75.0%
557,위탁집행형준정부기관,농업기술실용화재단,221882,193757,87.3%
558,위탁집행형준정부기관,한국청소년활동진흥원,404418,395370,97.8%
559,위탁집행형준정부기관,한국건강증진개발원,57703,14072,24.4%
560,위탁집행형준정부기관,국립생태원,790542,668817,84.6%
561,위탁집행형준정부기관,시청자미디어재단,3485635,3475516,99.7%
562,위탁집행형준정부기관,한국산림복지진흥원,900716,819413,91.0%
563,위탁집행형준정부기관,한국수목원관리원,1515503,1014924,67.0%
564,준시장형공기업,한국조폐공사,943245,785065,83.2%
565,준시장형공기업,대한석탄공사,290353,118212,40.7%
566,준시장형공기업,한국수자원공사,46513477,37759586,81.2%
567,준시장형공기업,한국도로공사,21304127,17679309,83.0%
568,준시장형공기업,한국전력기술주식회사,2421641,2299670,95.0%
569,준시장형공기업,한국마사회,1540784,1369451,88.9%
570,준시장형공기업,(주)한국가스기술공사,1595903,1439255,90.2%
571,준시장형공기업,인천항만공사,3824625,3674246,96.1%
572,준시장형공기업,한전KPS(주),6897226,6037300,87.5%
573,준시장형공기업,울산항만공사,855616,744257,87.0%
574,준시장형공기업,한국토지주택공사,308670331,266693503,86.4%
575,준시장형공기업,여수광양항만공사,1269915,1037910,81.7%
576,준시장형공기업,한국방송광고진흥공사,155454,150726,97.0%
577,준시장형공기업,주택도시보증공사,233760,211127,90.3%
578,준시장형공기업,해양환경공단,261988,234375,89.5%
579,준시장형공기업,한국부동산원,1202002,1101517,91.6%
580,준시장형공기업,제주국제자유도시개발센터,2320544,1739980,75.0%
581,준시장형공기업,한전KDN(주),1522636,1421082,93.3%
582,준시장형공기업,한국철도공사(환경경영처),3178904,2976842,93.6%
583,준시장형공기업,그랜드코리아레저(주),106698,106698,100.0%
584,준시장형공기업,(주)에스알,244134,222417,91.1%
585,지방공사지방공단,부산교통공사,1778705,1426669,80.2%
586,지방공사지방공단,울산광역시도시공사,1312226,828330,63.1%
587,지방공사지방공단,부산도시공사,1681289,1408589,83.8%
588,지방공사지방공단,제주특별자치도개발공사,408055,392603,96.2%
589,지방공사지방공단,인천환경공단,2395234,2235136,93.3%
590,지방공사지방공단,대구도시철도공사,1233383,1164089,94.4%
591,지방공사지방공단,대전도시공사,4868664,1587392,32.6%
592,지방공사지방공단,영월의료원,137999,136514,98.9%
593,지방공사지방공단,부산시설공단,619939,500143,80.7%
594,지방공사지방공단,부산환경공단,1826889,1630072,89.2%
595,지방공사지방공단,제주관광공사,66026,63826,96.7%
596,지방공사지방공단,서울특별시 서울의료원,479693,320917,66.9%
597,지방공사지방공단,제주에너지공사,28774,24664,85.7%
598,지방공사지방공단,광주환경공단,2617338,2298034,87.8%
599,지방공사지방공단,경남개발공사,462997,272701,58.9%
600,지방공사지방공단,경상북도포항의료원,115411,18668,16.2%
601,지방공사지방공단,원주의료원,5111,1556,30.5%
602,지방공사지방공단,경상북도김천의료원,42165,33241,78.8%
603,지방공사지방공단,인천관광공사,420093,370278,88.1%
604,지방공사지방공단,울산시설공단,2781664,2374093,85.3%
605,지방공사지방공단,세종특별자치시시설관리공단,178767,169378,94.7%
606,지방공사지방공단,세종도시교통공사,748971,655011,87.5%
607,지방공사지방공단,서울에너지공사,569674,565148,99.2%
608,지방공사지방공단,서울교통공사,10206397,9443468,92.5%
609,지방공사지방공단,전북개발공사,714571,308270,43.1%
610,지방공사지방공단,대구도시공사,1976255,788364,39.9%
611,지방공사지방공단,광주광역시도시공사,3245082,2428302,74.8%
612,지방공사지방공단,경상북도개발공사,4491823,812166,18.1%
613,지방공사지방공단,서울특별시시설관리공단,6475706,5815248,89.8%
614,지방공사지방공단,경상북도 울진의료원,261059,233328,89.4%
615,지방공사지방공단,창원경륜공단,230370,100803,43.8%
616,지방공사지방공단,경기주택도시공사,9863711,5378552,54.5%
617,지방공사지방공단,부산의료원,173767,156336,90.0%
618,지방공사지방공단,대구의료원,76499,72001,94.1%
619,지방공사지방공단,인천의료원,81967,52826,64.4%
620,지방공사지방공단,경기도의료원,413605,309182,74.8%
621,지방공사지방공단,충주의료원,234447,77835,33.2%
622,지방공사지방공단,청주의료원,73136,14641,20.0%
623,지방공사지방공단,충청남도 서산의료원,51813,39163,75.6%
624,지방공사지방공단,충청남도홍성의료원,32749,31823,97.2%
625,지방공사지방공단,공주의료원,1032,0,0.0%
626,지방공사지방공단,전라북도군산의료원,135364,107870,79.7%
627,지방공사지방공단,전라북도남원의료원,189477,161675,85.3%
628,지방공사지방공단,목포의료원,97614,63660,65.2%
629,지방공사지방공단,전라남도순천의료원,11088,6080,54.8%
630,지방공사지방공단,경상북도 안동의료원,208122,179875,86.4%
631,지방공사지방공단,경상남도마산의료원,32225,14897,46.2%
632,지방공사지방공단,제주도 제주의료원,303961,279818,92.1%
633,지방공사지방공단,제주도 서귀포의료원,37870,16048,42.4%
634,지방공사지방공단,서울주택도시공사,19630296,15606605,79.5%
635,지방공사지방공단,강원도개발공사,3775604,1912187,50.6%
636,지방공사지방공단,경기평택항만공사,87280,66254,75.9%
637,지방공사지방공단,서울특별시농수산식품공사,1307455,1220756,93.4%
638,지방공사지방공단,구리농수산물공사,60518,59819,98.8%
639,지방공사지방공단,인천교통공사,1201609,1092267,90.9%
640,지방공사지방공단,인천시설공단,2412160,2251043,93.3%
641,지방공사지방공단,대구시설공단,3648009,2713958,74.4%
642,지방공사지방공단,대구환경공단,2687299,2388977,88.9%
643,지방공사지방공단,대전광역시시설관리공단,2895660,2833677,97.9%
644,지방공사지방공단,경기관광공사,514322,192288,37.4%
645,지방공사지방공단,광주광역시도시철도공사,507597,453233,89.3%
646,지방공사지방공단,인천도시공사,3114668,2573334,82.6%
647,지방공사지방공단,부산지방공단스포원,643852,489540,76.0%
648,지방공사지방공단,강원도 속초의료원,619,0,0.0%
649,지방공사지방공단,전남개발공사,2525269,1781694,70.6%
650,지방공사지방공단,김대중컨벤션센터,263517,157900,59.9%
651,지방공사지방공단,대전광역시도시철도공사,438714,431733,98.4%
652,지방공사지방공단,충북개발공사,5708792,2524059,44.2%
653,지방공사지방공단,충청남도개발공사,2214921,947211,42.8%
654,지방공사지방공단,강원도삼척의료원,24300,0,0.0%
655,지방공사지방공단,대전마케팅공사,231925,172893,74.5%
656,지방공사지방공단,경상북도문화관광공사,1005220,569737,56.7%
657,지방공사지방공단,부산관광공사,93623,81876,87.5%
658,지방공사지방공단,진안군의료원,8996,8996,100.0%
659,지방공사지방공단,강릉의료원,0,0,0.0%
660,지방공사지방공단,전라남도 강진의료원,0,0,0.0%
661,지방공사지방공단,충청남도 천안의료원,0,0,0.0%
662,지방자치단체,서울특별시 종로구,9266994,5818947,62.8%
663,지방자치단체,서울특별시 중구,7662839,3798858,49.6%
664,지방자치단체,서울특별시 용산구,6937272,3055026,44.0%
665,지방자치단체,서울특별시 성동구,8091209,4604370,56.9%
666,지방자치단체,서울특별시 광진구,7073619,3437295,48.6%
667,지방자치단체,서울특별시 동대문구,8890634,4433706,49.9%
668,지방자치단체,서울특별시 중랑구,10115178,5745493,56.8%
669,지방자치단체,서울특별시 성북구,10919069,5133552,47.0%
670,지방자치단체,서울특별시 강북구,8219123,4238716,51.6%
671,지방자치단체,서울특별시 도봉구,10230496,5159364,50.4%
672,지방자치단체,서울특별시 노원구,17940594,9149565,51.0%
673,지방자치단체,서울특별시 은평구,11186642,5611745,50.2%
674,지방자치단체,서울특별시 서대문구,8227258,4566126,55.5%
675,지방자치단체,서울특별시 마포구,8942990,5463138,61.1%
676,지방자치단체,서울특별시 양천구,12645500,8255526,65.3%
677,지방자치단체,서울특별시 강서구,14176962,7844290,55.3%
678,지방자치단체,서울특별시 구로구,15434788,8201749,53.1%
679,지방자치단체,서울특별시 금천구,7742047,4873379,62.9%
680,지방자치단체,서울특별시 영등포구,10573043,7390356,69.9%
681,지방자치단체,서울특별시 동작구,7902836,4270616,54.0%
682,지방자치단체,서울특별시 관악구,12174953,7047521,57.9%
683,지방자치단체,서울특별시 서초구,11316572,5491529,48.5%
684,지방자치단체,서울특별시 강남구,18456739,9617549,52.1%
685,지방자치단체,서울특별시 송파구,16445235,9744691,59.3%
686,지방자치단체,서울특별시 강동구,9269515,4992911,53.9%
687,지방자치단체,부산광역시 중구,2584536,1561818,60.4%
688,지방자치단체,부산광역시 서구,2837996,1743973,61.5%
689,지방자치단체,부산광역시 동구,2478697,1669065,67.3%
690,지방자치단체,부산광역시 영도구,3553616,1803661,50.8%
691,지방자치단체,부산광역시 부산진구,5102943,3604227,70.6%
692,지방자치단체,부산광역시 동래구,3212499,2041101,63.5%
693,지방자치단체,부산광역시 남구,4024354,2737839,68.0%
694,지방자치단체,부산광역시 북구,3796575,2361011,62.2%
695,지방자치단체,부산광역시 해운대구,7092353,4048547,57.1%
696,지방자치단체,부산광역시 사하구,6752625,4271086,63.3%
697,지방자치단체,부산광역시 금정구,4875471,2674706,54.9%
698,지방자치단체,부산광역시 강서구,6775305,4159743,61.4%
699,지방자치단체,부산광역시 연제구,3381031,1808592,53.5%
700,지방자치단체,부산광역시 수영구,3647522,2365416,64.8%
701,지방자치단체,부산광역시 사상구,4639016,2157179,46.5%
702,지방자치단체,부산광역시 기장군,6611872,4533042,68.6%
703,지방자치단체,대구광역시 중구,3074546,1563408,50.9%
704,지방자치단체,대구광역시 동구,6933342,3266161,47.1%
705,지방자치단체,대구광역시 서구,3519711,1860040,52.8%
706,지방자치단체,대구광역시 남구,3171628,1552319,48.9%
707,지방자치단체,대구광역시 북구,7294686,4277373,58.6%
708,지방자치단체,대구광역시 수성구,6313502,3503544,55.5%
709,지방자치단체,대구광역시 달서구,7111094,3807257,53.5%
710,지방자치단체,대구광역시 달성군,13936221,6021740,43.2%
711,지방자치단체,인천광역시 중구,448180,133607,29.8%
712,지방자치단체,인천광역시 동구,3899543,2638859,67.7%
713,지방자치단체,인천광역시 미추홀구,7322872,4847831,66.2%
714,지방자치단체,인천광역시 연수구,8878820,4230645,47.6%
715,지방자치단체,인천광역시 남동구,9184663,5022390,54.7%
716,지방자치단체,인천광역시 부평구,7298069,3840030,52.6%
717,지방자치단체,인천광역시 계양구,5979813,4145588,69.3%
718,지방자치단체,인천광역시 서구,13618337,6477462,47.6%
719,지방자치단체,인천광역시 강화군,12694819,5151652,40.6%
720,지방자치단체,인천광역시 옹진군,5131271,1903527,37.1%
721,지방자치단체,광주광역시 동구,4907388,1783977,36.4%
722,지방자치단체,광주광역시 서구,6401208,2753665,43.0%
723,지방자치단체,광주광역시 남구,4249974,1645584,38.7%
724,지방자치단체,광주광역시 북구,9656902,4208915,43.6%
725,지방자치단체,광주광역시 광산구,8301962,3420042,41.2%
726,지방자치단체,대전광역시 동구,4224916,2322773,55.0%
727,지방자치단체,대전광역시 중구,4058745,2236443,55.1%
728,지방자치단체,대전광역시 서구,7681689,5077795,66.1%
729,지방자치단체,대전광역시 유성구,11511196,7793178,67.7%
730,지방자치단체,대전광역시 대덕구,4648018,2719308,58.5%
731,지방자치단체,울산광역시 중구,4074437,2387593,58.6%
732,지방자치단체,울산광역시 남구,5859750,3250979,55.5%
733,지방자치단체,울산광역시 동구,3372196,1750550,51.9%
734,지방자치단체,울산광역시 북구,4713691,2715605,57.6%
735,지방자치단체,울산광역시 울주군,16495823,10146194,61.5%
736,지방자치단체,경기도 수원시,26623563,15403548,57.9%
737,지방자치단체,경기도 성남시,30876327,19539351,63.3%
738,지방자치단체,경기도 의정부시,14865496,9371937,63.0%
739,지방자치단체,경기도 안양시,18230383,10501060,57.6%
740,지방자치단체,경기도 부천시,21303420,12015509,56.4%
741,지방자치단체,경기도 광명시,8340452,5063785,60.7%
742,지방자치단체,경기도 평택시,43003534,16956711,39.4%
743,지방자치단체,경기도 동두천시,6315927,3886965,61.5%
744,지방자치단체,경기도 안산시,26980290,14589822,54.1%
745,지방자치단체,경기도 고양시,39636792,17506377,44.2%
746,지방자치단체,경기도 과천시,4128765,2058011,49.8%
747,지방자치단체,경기도 구리시,7475718,4730802,63.3%
748,지방자치단체,경기도 남양주시,24472282,11758857,48.0%
749,지방자치단체,경기도 오산시,10678802,6243413,58.5%
750,지방자치단체,경기도 시흥시,25485461,12083154,47.4%
751,지방자치단체,경기도 군포시,9678553,5948320,61.5%
752,지방자치단체,경기도 의왕시,7162241,4509593,63.0%
753,지방자치단체,경기도 하남시,9400005,5316850,56.6%
754,지방자치단체,경기도 용인시,32142978,14373838,44.7%
755,지방자치단체,경기도 파주시,28739537,13926090,48.5%
756,지방자치단체,경기도 이천시,19570193,9220195,47.1%
757,지방자치단체,경기도 안성시,34613477,16691553,48.2%
758,지방자치단체,경기도 김포시,18598858,9604025,51.6%
759,지방자치단체,경기도 연천군,13125176,5531263,42.1%
760,지방자치단체,경기도 가평군,10430131,7183695,68.9%
761,지방자치단체,경기도 양평군,21115466,10269292,48.6%
762,지방자치단체,강원도 춘천시,23220713,8750805,37.7%
763,지방자치단체,강원도 원주시,40565732,23217878,57.2%
764,지방자치단체,강원도 강릉시,18886323,6293809,33.3%
765,지방자치단체,강원도 동해시,8165283,3449857,42.3%
766,지방자치단체,강원도 태백시,4581683,1855625,40.5%
767,지방자치단체,강원도 속초시,9749659,3201086,32.8%
768,지방자치단체,강원도 삼척시,11826187,3748864,31.7%
769,지방자치단체,강원도 홍천군,15086262,2570553,17.0%
770,지방자치단체,강원도 횡성군,8698991,3248186,37.3%
771,지방자치단체,강원도 영월군,5965853,2431985,40.8%
772,지방자치단체,강원도 평창군,13301752,4105422,30.9%
773,지방자치단체,강원도 정선군,6680563,3293116,49.3%
774,지방자치단체,강원도 철원군,10065120,4103438,40.8%
775,지방자치단체,강원도 화천군,3531484,1739504,49.3%
776,지방자치단체,강원도 양구군,10457649,1912876,18.3%
777,지방자치단체,강원도 인제군,14439829,3942763,27.3%
778,지방자치단체,강원도 고성군,11321749,3445582,30.4%
779,지방자치단체,강원도 양양군,7861395,2309663,29.4%
780,지방자치단체,충청북도 충주시,26244656,10328307,39.4%
781,지방자치단체,충청북도 제천시,15464865,6913330,44.7%
782,지방자치단체,충청북도 보은군,13494210,3341952,24.8%
783,지방자치단체,충청북도 옥천군,17455953,6361827,36.4%
784,지방자치단체,충청북도 영동군,18770275,8550213,45.6%
785,지방자치단체,충청북도 진천군,14401065,5093637,35.4%
786,지방자치단체,충청북도 괴산군,16153725,6507476,40.3%
787,지방자치단체,충청북도 음성군,16451958,6471714,39.3%
788,지방자치단체,충청북도 단양군,12337702,5330373,43.2%
789,지방자치단체,충청남도 천안시,27784114,10018295,36.1%
790,지방자치단체,충청남도 공주시,17724324,7187537,40.6%
791,지방자치단체,충청남도 보령시,20951338,9651689,46.1%
792,지방자치단체,충청남도 아산시,18967172,6259226,33.0%
793,지방자치단체,충청남도 서산시,21044305,8282940,39.4%
794,지방자치단체,충청남도 논산시,17103920,6634756,38.8%
795,지방자치단체,충청남도 금산군,14160900,3955714,27.9%
796,지방자치단체,충청남도 부여군,18696305,5062695,27.1%
797,지방자치단체,충청남도 서천군,17686775,4467082,25.3%
798,지방자치단체,충청남도 청양군,10226983,3342381,32.7%
799,지방자치단체,충청남도 홍성군,12662836,6267967,49.5%
800,지방자치단체,충청남도 예산군,17780851,6012129,33.8%
801,지방자치단체,충청남도 태안군,12647624,5728764,45.3%
802,지방자치단체,전라북도 전주시,34986433,11123251,31.8%
803,지방자치단체,전라북도 군산시,18384406,5745356,31.3%
804,지방자치단체,전라북도 익산시,19157251,4337950,22.6%
805,지방자치단체,전라북도 정읍시,23588216,4862359,20.6%
806,지방자치단체,전라북도 남원시,21783350,5706595,26.2%
807,지방자치단체,전라북도 김제시,24139799,2453172,10.2%
808,지방자치단체,전라북도 완주군,13700819,3468267,25.3%
809,지방자치단체,전라북도 진안군,10444038,2858645,27.4%
810,지방자치단체,전라북도 무주군,7579042,1769373,23.3%
811,지방자치단체,전라북도 장수군,7865724,2549291,32.4%
812,지방자치단체,전라북도 임실군,9982453,2004005,20.1%
813,지방자치단체,전라북도 순창군,9449664,3197716,33.8%
814,지방자치단체,전라북도 고창군,11228649,2889371,25.7%
815,지방자치단체,전라북도 부안군,8109148,1698720,20.9%
816,지방자치단체,전라남도 목포시,10448536,4810466,46.0%
817,지방자치단체,전라남도 여수시,21314351,6055080,28.4%
818,지방자치단체,전라남도 순천시,27726528,9070800,32.7%
819,지방자치단체,전라남도 나주시,16970179,4134362,24.4%
820,지방자치단체,전라남도 광양시,17429282,8392442,48.2%
821,지방자치단체,전라남도 담양군,12292054,1959584,15.9%
822,지방자치단체,전라남도 곡성군,7896355,1966923,24.9%
823,지방자치단체,전라남도 구례군,5331749,1423485,26.7%
824,지방자치단체,전라남도 고흥군,17552071,4085583,23.3%
825,지방자치단체,전라남도 보성군,13973589,3734431,26.7%
826,지방자치단체,전라남도 화순군,14137463,3114154,22.0%
827,지방자치단체,전라남도 장흥군,8012334,1959484,24.5%
828,지방자치단체,전라남도 강진군,8910667,1980077,22.2%
829,지방자치단체,전라남도 해남군,21633481,8249318,38.1%
830,지방자치단체,전라남도 영암군,15160406,3500949,23.1%
831,지방자치단체,전라남도 무안군,11323108,4522149,39.9%
832,지방자치단체,전라남도 함평군,8748317,1321425,15.1%
833,지방자치단체,전라남도 영광군,11334137,3119798,27.5%
834,지방자치단체,전라남도 장성군,15737545,4860797,30.9%
835,지방자치단체,전라남도 완도군,7392098,2849445,38.5%
836,지방자치단체,전라남도 진도군,8869690,3256320,36.7%
837,지방자치단체,전라남도 신안군,11084356,2264877,20.4%
838,지방자치단체,경상북도 포항시,36634752,13799502,37.7%
839,지방자치단체,경상북도 경주시,27752184,6024061,21.7%
840,지방자치단체,경상북도 김천시,29998477,8924111,29.7%
841,지방자치단체,경상북도 안동시,22058086,6779561,30.7%
842,지방자치단체,경상북도 구미시,25002869,10030027,40.1%
843,지방자치단체,경상북도 영주시,18830796,4042036,21.5%
844,지방자치단체,경상북도 영천시,27849913,10125034,36.4%
845,지방자치단체,경상북도 상주시,28767253,7941898,27.6%
846,지방자치단체,경상북도 문경시,18402996,4689431,25.5%
847,지방자치단체,경상북도 경산시,15281196,6660600,43.6%
848,지방자치단체,경상북도 군위군,11551720,3096014,26.8%
849,지방자치단체,경상북도 의성군,19807380,6619721,33.4%
850,지방자치단체,경상북도 청송군,8711286,1919828,22.0%
851,지방자치단체,경상북도 영양군,5986080,1450298,24.2%
852,지방자치단체,경상북도 영덕군,9780491,1753951,17.9%
853,지방자치단체,경상북도 청도군,10528775,2802582,26.6%
854,지방자치단체,경상북도 고령군,14235885,3871444,27.2%
855,지방자치단체,경상북도 성주군,21286103,8914022,41.9%
856,지방자치단체,경상북도 칠곡군,12915070,4109051,31.8%
857,지방자치단체,경상북도 예천군,13096963,4212358,32.2%
858,지방자치단체,경상북도 봉화군,15316718,4152172,27.1%
859,지방자치단체,경상북도 울진군,19739137,6321261,32.0%
860,지방자치단체,경상북도 울릉군,757929,580883,76.6%
861,지방자치단체,경상남도 진주시,23292074,12696896,54.5%
862,지방자치단체,경상남도 통영시,7078896,3005984,42.5%
863,지방자치단체,경상남도 사천시,8609983,3616746,42.0%
864,지방자치단체,경상남도 김해시,23713708,7655365,32.3%
865,지방자치단체,경상남도 밀양시,19579008,5476463,28.0%
866,지방자치단체,경상남도 거제시,9053631,4733264,52.3%
867,지방자치단체,경상남도 양산시,13632546,4931457,36.2%
868,지방자치단체,경상남도 의령군,4959081,2547368,51.4%
869,지방자치단체,경상남도 함안군,12181486,3323899,27.3%
870,지방자치단체,경상남도 창녕군,9433663,5434990,57.6%
871,지방자치단체,경상남도 고성군,11396211,5275431,46.3%
872,지방자치단체,경상남도 남해군,4253650,2230480,52.4%
873,지방자치단체,경상남도 하동군,750096,468929,62.5%
874,지방자치단체,경상남도 산청군,8099810,3531974,43.6%
875,지방자치단체,경상남도 함양군,10322843,5076044,49.2%
876,지방자치단체,경상남도 거창군,7488548,2621290,35.0%
877,지방자치단체,경상남도 합천군,5852886,2820902,48.2%
878,지방자치단체,경기도 화성시,51896856,24344681,46.9%
879,지방자치단체,경기도 광주시,21875487,10962482,50.1%
880,지방자치단체,충청북도 증평군,6595735,2412921,36.6%
881,지방자치단체,충청남도 계룡시,5150908,3120642,60.6%
882,지방자치단체,경기도 양주시,17120960,9677766,56.5%
883,지방자치단체,경기도 포천시,23201659,9668192,41.7%
884,지방자치단체,경상남도 창원시,45030563,16337482,36.3%
885,지방자치단체,충청남도 당진시,19849101,8961663,45.1%
886,지방자치단체,세종특별자치시,14809730,5458840,36.9%
887,지방자치단체,경기도 여주시,19217921,6925868,36.0%
888,지방자치단체,충청북도 청주시,33832254,14293904,42.2%
889,지방자치단체,서울특별시,106915671,62614986,58.6%
890,지방자치단체,부산광역시,23962603,14914184,62.2%
891,지방자치단체,대구광역시,24064564,17190325,71.4%
892,지방자치단체,인천광역시,41365058,28788239,69.6%
893,지방자치단체,광주광역시,23225115,11138297,48.0%
894,지방자치단체,대전광역시,26832089,14580914,54.3%
895,지방자치단체,울산광역시,21685164,11415762,52.6%
896,지방자치단체,경기도,48373317,21233370,43.9%
897,지방자치단체,강원도,23136714,5724208,24.7%
898,지방자치단체,충청북도,22915830,7167519,31.3%
899,지방자치단체,충청남도,26613932,6937235,26.1%
900,지방자치단체,전라북도,16169479,5379017,33.3%
901,지방자치단체,전라남도,31592093,7697424,24.4%
902,지방자치단체,경상북도,43189660,10297880,23.8%
903,지방자치단체,경상남도,22121692,5031781,22.7%
904,지방자치단체,제주특별자치도,28579208,10351117,36.2%
905,지방자치단체,제주특별자치도 제주시,29652856,13595397,45.8%
906,지방자치단체,제주특별자치도 서귀포시,17494739,6102656,34.9%
907,지방자치단체출연연구원,한국지방행정연구원,25349,11271,44.5%
908,지방자치단체출연연구원,경기연구원,115196,102900,89.3%
909,지방자치단체출연연구원,광주전남연구원,31937,29766,93.2%
910,지방자치단체출연연구원,재단법인인천연구원,69117,29653,42.9%
911,지방자치단체출연연구원,경남연구원,11798,5775,48.9%
912,지방자치단체출연연구원,재단법인 울산연구원,54864,53662,97.8%
913,지방자치단체출연연구원,재단법인 대전세종연구원,137536,115552,84.0%
914,지방자치단체출연연구원,서울연구원,153058,93301,61.0%
915,지방자치단체출연연구원,재단법인 충남연구원,32272,20842,64.6%
916,지방자치단체출연연구원,(재)강원연구원,284887,265597,93.2%
917,지방자치단체출연연구원,재단법인 제주연구원,15062,7298,48.4%
918,지방자치단체출연연구원,부산연구원,26528,2057,7.8%
919,지방자치단체출연연구원,충북연구원,68199,63528,93.2%
920,지방자치단체출연연구원,재단법인 전북연구원,18854,6433,34.1%
921,지방자치단체출연연구원,대구경북연구원,,,
